City,Population,Median Household Income ($USD),"Median Home Price ($USD, January 2021)",Latitude,Longitude
"New York, NY",17836,73823.0,521485,40.7127281,-74.0060152
"Los Angeles-Long Beach-Anaheim, CA",3971883,45533.0,755509,34.0536909,-118.24276600000000
"Chicago, IL",2720546,50270.0,261271,41.875561600000000,-87.6244212
"Dallas-Fort Worth, TX",2205401,,275161,32.744902,-97.330342
"Philadelphia, PA",1567442,39327.0,281425,39.9527237,-75.16352620000000
"Houston, TX",2296224,54056.0,233519,29.7589382,-95.36769740000000
"Washington, DC",601723,73142.0,481196,38.8949924,-77.0365581
"Miami-Fort Lauderdale, FL",5414772,,326199,26.0906032,-80.13627290000000
"Atlanta, GA",463878,58511.0,267696,33.7849591,-84.442163
"Boston, MA",667137,59771.0,543455,42.3602534,-71.0582912
"San Francisco, CA",864816,83966.0,1181198,37.779026200000000,-122.4199061
"Detroit, MI",677116,26177.0,200871,42.331550900000000,-83.04664030000000
"Riverside, CA",322424,55847.0,439809,33.953354600000000,-117.39616230000000
"Phoenix, AZ",1563025,44226.0,343830,33.448436700000000,-112.07414170000000
"Seattle, WA",684451,66187.0,600497,47.6038321,-122.3300624
"Minneapolis-St Paul, MN",410939,51521.0,323869,44.9772995,-93.2654692
"San Diego, CA",1394928,69818.0,700502,32.7174202,-117.16277280000000
"St. Louis, MO",315685,43751.0,198787,38.6529545,-90.24111656024640
"Tampa, FL",369075,43348.0,261372,27.947759500000000,-82.458444
"Baltimore, MD",621849,52809.0,321834,39.2908816,-76.610759
"Denver, CO",682545,51744.0,494108,39.7392364,-104.98486230000000
"Pittsburgh, PA",304391,46751.0,181047,40.4416941,-79.99008610000000
"Portland, OR",632309,58115.0,461941,45.5202471,-122.6741949
"Charlotte, NC",827097,54746.0,269634,35.227208600000000,-80.84308270000000
"Sacramento, CA",490712,48231.0,485552,38.5810606,-121.49389510000000
"San Antonio, TX",1469845,49007.0,225169,29.424600200000000,-98.4951405
"Orlando, FL",270934,46958.0,278137,28.5421109,-81.3790304
"Cincinnati, OH",296943,47573.0,210476,39.1014537,-84.5124602
"Cleveland, OH",388072,27218.0,177726,41.5051613,-81.6934446
"Kansas City, MO",475378,42478.0,229241,39.100105,-94.5781416
"Las Vegas, NV",623747,49592.0,318515,36.1672559,-115.1485163
"Columbus, OH",850106,39778.0,236383,39.9622601,-83.00070650000000
"Indianapolis, IN",829718,,206271,39.7683331,-86.1583502
"San Jose, CA",1026908,83024.0,1322510,37.3361905,-121.890583
"Austin, TX",931830,61862.0,389119,30.2711286,-97.7436995
"Virginia Beach, VA",452745,68682.0,266097,36.8529841,-75.9774183
"Nashville, TN",530852,47361.0,307333,36.1622296,-86.7743531
"Providence, RI",179207,37167.0,363720,41.8239891,-71.4128343
"Milwaukee, WI",600155,39209.0,222335,43.0349931,-87.92249700000000
"Jacksonville, FL",868031,44452.0,255936,30.3321838,-81.655651
"Memphis, TN",655770,33939.0,176372,35.1490215,-90.0516285
"Oklahoma City, OK",631346,40181.0,171139,35.4729886,-97.5170536
"Louisville-Jefferson County, KY",243639,50687.0,198876,38.254237600000000,-85.759407
"Hartford, CT",124006,35360.0,263789,41.76555820000000,-72.69061276146610
"Richmond, VA",220289,46779.0,271098,37.544074,-77.439310
"New Orleans, LA",389617,35114.0,226504,29.949932300000000,-90.0701156
"Buffalo, NY",258071,29658.0,195782,42.8867166,-78.87839220000000
"Raleigh, NC",451066,49012.0,312350,35.7803977,-78.63909890000000
"Birmingham, AL",212461,39671.0,190519,52.4459629,-1.8237251
"Salt Lake City, UT",192672,65853.0,440360,40.759619800000000,-111.88679750000000
"Rochester, NY",209802,43776.0,174610,43.157285000000000,-77.615214
"Grand Rapids, MI",195097,52855.0,250579,42.963240500000000,-85.66786390000000
"Tucson, AZ",531641,45574.0,259581,32.2228765,-110.9748477
"Urban Honolulu, HI",371657,70854.0,750941,21.304547,-157.8556764
"Tulsa, OK",403505,45003.0,163873,36.1556805,-95.9929113
"Fresno, CA",520052,44070.0,302251,36.739442100000000,-119.7848307
"Worcester, MA",184815,43403.0,339663,42.2761217,-71.8058232
"Stamford, CT",128874,96048.0,468931,41.072089,-73.5444361483287
"Albuquerque, NM",559121,51641.0,242393,35.0841034,-106.6509851
"Albany, NY",98469,38591.0,225729,42.6511674,-73.754968
"Omaha, NE",443885,47956.0,218759,41.258745900000000,-95.93837580000000
"New Haven, CT",130322,40600.0,266526,41.29843435,-72.93102342707910
"Bakersfield, CA",373640,49898.0,263490,35.3738712,-119.01946390000000
"Knoxville, TN",185291,46645.0,218972,35.960394800000000,-83.92102610000000
"Greenville, SC",64579,38118.0,224234,34.851354,-82.3984882
"Ventura, CA",96769,57846.0,675422,34.4458248,-119.07793590000000
"Allentown, PA",120207,40375.0,242152,40.6022059,-75.47127940000000
"El Paso, TX",681124,39173.0,151188,31.7754152,-106.464634
"Baton Rouge, LA",228590,48046.0,195580,30.445959600000000,-91.18738
"Dayton, OH",140599,34834.0,154267,39.758947800000000,-84.1916069
"McAllen, TX",140269,,131750,26.2043691,-98.230082
"Columbia, SC",133803,53332.0,175520,34.000749300000000,-81.03433130000000
"Greensboro, NC",285342,41200.0,177304,36.0726355,-79.79197540000000
"Akron, OH",197542,42848.0,170401,41.083064,-81.518485
"North Port-Sarasota-Bradenton, FL",55118,60467.0,309030,27.3364347,-82.5306527
"Little Rock, AR",197992,50360.0,166722,34.7464809,-92.2895948
"Stockton, CA",305658,45592.0,437556,37.9577016,-121.29077960000000
"Charleston, SC",132609,52645.0,298038,32.7876012,-79.9402728
"Syracuse, NY",144142,36053.0,162874,43.0481221,-76.1474244
"Colorado Springs, CO",456568,,372125,38.8339578,-104.8253485
"Winston-Salem, NC",241218,,181429,36.0998131,-80.2440518
"Wichita, KS",389965,50858.0,160578,37.6922361,-97.3375448
"Springfield, MA",154341,30808.0,267987,42.101876400000000,-72.5886727
"Fort Myers, FL",74013,41053.0,260942,26.640628000000000,-81.87230840000000
"Boise City, ID",145987,,407748,43.6166163,-116.20088600000000
"Toledo, OH",279789,35527.0,139154,41.6529143,-83.5378173
"Madison, WI",248951,56280.0,308036,43.074761000000000,-89.3837613
"Lakeland, FL",104401,46553.0,214411,28.039465400000000,-81.9498042
"Ogden, UT",85444,63126.0,383585,41.2230048,-111.9738429
"Daytona Beach, FL",64736,28153.0,240545,29.2108147,-81.02283310000000
"Des Moines, IA",210330,45461.0,214936,41.591032300000000,-93.6046655
"Jackson, MS",170674,39673.0,155038,32.29903840000000,-90.1847691
"Youngstown, OH",64628,29734.0,113252,41.1035786,-80.6520161
"Augusta, GA",43459,31004.0,172418,48.3689438,10.893332700000000
"Scranton, PA",77118,43828.0,136820,41.4086874,-75.66212940000000
"Harrisburg, PA",49081,49431.0,209122,40.266310700000000,-76.8861122
"Melbourne, FL",80127,41953.0,253407,28.106471000000000,-80.63715130000000
"Chattanooga, TN",176588,40807.0,199592,35.0457219,-85.3094883
"Spokane, WA",213272,48497.0,330603,47.657193400000000,-117.42351060000000
"Provo, UT",115264,34322.0,411428,40.233843800000000,-111.6585337
"Lancaster, PA",59339,48847.0,266900,40.038130000000000,-76.3056686
"Modesto, CA",211266,44484.0,375112,37.6390972,-120.99687820000000
"Portland, ME",66881,47309.0,367262,43.6610277,-70.25485960000000
"Durham, NC",257636,43645.0,296535,35.996653,-78.90180530000000
"Santa Rosa, CA",174972,63863.0,702740,38.4404925,-122.71410490000000
"Lexington, KY",225366,53643.0,215027,38.0464066,-84.4970393
"Lafayette, LA",127657,39991.0,163799,30.2240897,-92.0198427
"Lansing, MI",115056,33365.0,184068,42.73377120000000,-84.5553805
"Fayetteville, AR",82830,34660.0,221852,36.0625843,-94.1574328
"Pensacola, FL",53193,39796.0,214115,30.421309,-87.2169149
"Visalia, CA",130104,40130.0,259787,36.330228400000000,-119.2920585
"Shreveport, LA",197204,39145.0,118473,32.522182800000000,-93.7651944
"Springfield, MO",166810,40293.0,178869,37.2166779,-93.2920373
"York, PA",43992,43770.0,210326,39.962398,-76.72739200000000
"Corpus Christi, TX",324074,49462.0,182241,27.747725300000000,-97.40141290000000
"Flint, MI",98310,27851.0,147031,43.016169300000000,-83.6900211
"Reno, NV",241445,56334.0,441832,39.5261206,-119.81265810000000
"Asheville, NC",88512,43788.0,307402,35.600949800000000,-82.5540161
"Port St. Lucie, FL",164603,,262963,27.2939333,-80.35032830000000
"Santa Maria-Santa Barbara, CA",91842,71273.0,725740,34.4221319,-119.7026673
"Huntsville, AL",190582,52423.0,219180,34.729847,-86.5859011
"Fort Wayne, IN",260326,46121.0,168819,41.0799898,-85.13860150000000
"Salinas, CA",157380,63594.0,676929,36.6744117,-121.6550372
"Vallejo, CA",121253,52923.0,499890,38.1040864,-122.25663670000000
"Mobile, AL",194288,39683.0,141804,30.6943566,-88.04305410000000
"Reading, PA",87879,42701.0,211776,40.335345000000000,-75.9279495
"Brownsville, TX",183887,28978.0,120375,25.914025600000000,-97.4890856
"Killeen, TX",140806,40012.0,172295,31.1171441,-97.727796
"Canton, OH",71885,43980.0,153748,40.7985464,-81.3749508
"Beaumont, TX",118129,21006.0,136031,30.0860459,-94.10184610000000
"Manchester, NH",110229,54063.0,352477,42.995639700000000,-71.4547891
"Salem, OR",164549,48855.0,340715,44.9391565,-123.033121
"Anchorage, AK",298695,75200.0,321082,61.2163129,-149.89485200000000
"Davenport, IL",102582,56636.0,138042,41.5236436,-90.57763680000000
"Peoria, IL",115070,38545.0,118531,40.6938609,-89.5891008
"Myrtle Beach, SC",31035,47438.0,228082,33.6956461,-78.89004090000000
"Montgomery, AL",200602,42516.0,149379,32.379952850000000,-86.31076694250320
"Salisbury, MD",32899,43622.0,285043,38.3662114,-75.60088810000000
"Gulfport, MS",71856,33135.0,151858,30.367419800000000,-89.0928155
"Tallahassee, FL",189907,42986.0,197674,30.4380832,-84.2809332
"Trenton, NJ",84225,46189.0,277458,40.2170575,-74.7429463
"Fayetteville, NC",201963,42744.0,148700,35.052575900000000,-78.878292
"Hickory, NC",40374,61743.0,167077,35.7333312,-81.3442915
"Huntington, WV",48638,37590.0,108822,38.41924960000000,-82.445154
"Eugene, OR",163460,41750.0,363541,44.0505054,-123.09505060000000
"Rockford, IL",148278,36928.0,132966,42.2713945,-89.09396600000000
"Savannah, GA",145674,41243.0,215820,9.756831200000000,-2.4962
"Ann Arbor, MI",117070,98503.0,320672,42.268156900000000,-83.7312291
"Ocala, FL",58218,39374.0,177211,29.187198600000000,-82.14009230000000
"Kalamazoo, MI",76041,38720.0,198792,42.291707,-85.5872286
"Naples, FL",21512,59063.0,371262,26.142197600000000,-81.7942944
"South Bend, IN",101516,40804.0,156487,41.68338130000000,-86.2500066
"Spartanburg, SC",37867,33947.0,168372,34.949800700000000,-81.9320157
"Evansville, IN",119943,42032.0,160125,37.9747645,-87.5558483
"Kingsport, TN",53014,42612.0,145558,36.550238,-82.55942930000000
"Roanoke, VA",99897,61103.0,199114,37.270973,-79.94143130000000
"Green Bay, WI",105207,58677.0,205331,44.512637900000000,-88.0125794
"Lincoln, NE",277348,53519.0,223317,40.8088861,-96.70777510000000
"Fort Collins, CO",161175,56845.0,448877,40.5508527,-105.0668085
"Utica, NY",61100,27395.0,148859,43.100903100000000,-75.2326641
"Columbus, GA",200579,38150.0,135756,32.459124,-84.991790
"Boulder, CO",107349,72750.0,612011,40.0149856,-105.2705456
"Lubbock, TX",249042,45149.0,158682,33.563520600000000,-101.879336
"Erie, PA",99475,36080.0,146175,42.129471200000000,-80.0852695
"Fort Smith, AR",88194,34863.0,118789,35.3872218,-94.4248983
"Duluth, MN",86110,50648.0,187895,46.77293220000000,-92.1251218
"Atlantic City, NJ",39260,37665.0,228895,39.364285200000000,-74.42293510000000
"New London, CT",27179,28986.0,284639,41.331256000000000,-72.09643715791680
"San Luis Obispo, CA",47339,43416.0,691106,35.354020900000000,-120.3757163
"Gainesville, FL",130128,36414.0,218910,29.6519684,-82.3249846
"Santa Cruz, CA",64220,53275.0,952122,37.050096,-121.9905908
"Clarksville, TN",149176,49916.0,188808,36.5277607,-87.35887030000000
"Cedar Rapids, IA",130405,67034.0,169980,41.9758872,-91.6704053
"Merced, CA",82436,33265.0,323707,37.1641544,-120.7678602
"Wilmington, NC",115933,49860.0,281022,34.2257282,-77.9447107
"Kennewick, WA",78896,50449.0,331533,46.2087066,-119.1199192
"Greeley, CO",100883,35337.0,404182,40.42331420000000,-104.7091322
"Waco, TX",132356,33814.0,179259,31.549333,-97.1466695
"Olympia, WA",50302,62463.0,410043,47.0451022,-122.89500750000000
"Amarillo, TX",198645,53032.0,155995,35.2072185,-101.83382460000000
"Binghamton, NY",46032,38259.0,132595,42.096968,-75.91434100000000
"Hagerstown, WV",40432,45145.0,225579,39.6419219,-77.7202641
"Bremerton, WA",39520,58501.0,462719,47.565366300000000,-122.62468360000000
"Laredo, TX",255473,31555.0,160553,27.519984100000000,-99.49537640000000
"Lynchburg, VA",79812,49189.0,197732,37.4137536,-79.1422464
"Yakima, WA",93701,42411.0,263757,46.601557,-120.51084210000000
"Crestview-Fort Walton Beach-Destin, FL",21817,36681.0,310969,30.405755200000000,-86.618842
"Topeka, KS",127265,44839.0,142757,39.049011,-95.67755600000000
"Macon-Bibb County, GA",91351,29462.0,117678,32.838847,-83.629452
"Champaign-Urbana, IL",86096,,152188,40.115794800000000,-88.241194
"Tuscaloosa, AL",98332,41565.0,176927,33.2095614,-87.5675258
"College Station, TX",107889,38683.0,223678,30.595528900000000,-96.3071042
"Sioux Falls, SD",171544,59535.0,239736,43.549973,-96.70033240000000
"Charleston, WV",49736,52471.0,98638,38.3505995,-81.6332812
"Appleton, WI",74139,62299.0,207615,44.26113370000000,-88.40676040000000
"Chico, CA",90316,59422.0,353938,39.728494500000000,-121.8374777
"Charlottesville, VA",46597,57094.0,319681,38.036072600000000,-78.49973472559670
"Claremont, NH",12977,50668.0,245119,43.377105,-72.347031
"Barnstable Town, MA",47821,,503543,41.278228000000000,-73.600649
"Longview, TX",82287,39228.0,148762,32.5007031,-94.74049000000000
"Burlington, VT",42452,39998.0,330596,44.4761601,-73.212906
"Prescott, AZ",41899,47579.0,373125,34.539996200000000,-112.4687616
"Springfield, IL",116565,45766.0,141815,39.7990175,-89.6439575
"Tyler, TX",103700,33631.0,187370,32.351260100000000,-95.3010624
"Las Cruces, NM",101643,40498.0,196503,32.3140354,-106.7798078
"Fargo, ND",118523,46498.0,236850,46.877229,-96.78982100000000
"Houma, LA",34287,39116.0,153104,29.5957696,-90.7195348
"Rochester, MN",112225,48743.0,260290,44.02343870000000,-92.46301820000000
"Florence, SC",38228,47066.0,128993,34.198443500000000,-79.7671658
"Medford, OR",79805,40123.0,360545,42.326418100000000,-122.8718605
"Lafayette-West Lafayette, IN",71111,47027.0,186380,40.4167022,-86.8752869
"Bellingham, WA",85146,56322.0,476255,48.754401200000000,-122.47883610000000
"Lake Havasu City, AZ",53553,59886.0,291280,34.483850200000000,-114.3224495
"Saginaw, MI",49347,36603.0,111269,43.420038700000000,-83.9490365
"Lake Charles, LA",76070,36698.0,172214,30.226594900000000,-93.21737590000000
"Johnson City, TN",66027,36564.0,167041,36.3134398,-82.3534728
"Elkhart, IN",52348,38585.0,184821,41.6819935,-85.9766671
"Yuma, AZ",94139,40043.0,192218,32.665135,-114.47603157249800
"Racine, WI",77742,48449.0,181688,42.7260523,-87.78252420000000
"Athens, GA",116714,45459.0,228620,33.956530,-83.380371
"Torrington, CT",34906,56080.0,292138,41.834235,-73.12777856997040
"St. Cloud, MN",65842,,233917,45.5616075,-94.16420040000000
"Hilton Head Island, SC",40512,66917.0,333788,32.1618488,-80.75126160000000
"Bloomington, IL",78292,38993.0,158342,40.476637200000000,-88.9930308
"Hilo, HI",43263,60747.0,413175,19.707373400000000,-155.0815803
"Panama City, FL",38286,47393.0,242305,30.1600827,-85.6545729
"Kingston, NY",23436,55574.0,301582,41.9287812,-74.0023702
"Daphne, AL",24896,97539.0,248969,30.6035255,-87.9036047
"Gainesville, GA",130128,42180.0,260089,29.6282168,-82.36482662503560
"Warner Robins, GA",73490,40092.0,155569,32.6200973,-83.60656800000000
"Blacksburg, VA",44215,29092.0,204705,37.2296566,-80.4136767
"Jacksonville, NC",67357,43881.0,178528,34.7494749,-77.4208221
"Redding, CA",91582,44433.0,316246,40.5863563,-122.3916754
"Monroe, LA",48241,32956.0,142148,38.272231300000000,-90.1792484
"Joplin, MO",51818,45717.0,141083,37.084180000000000,-94.51323000000000
"El Centro, CA",43956,33107.0,255735,32.792,-115.56305140000000
"Terre Haute, IN",60825,46613.0,101417,39.466702500000000,-87.4139119
"Muskegon, MI",38401,36917.0,166547,43.234181300000000,-86.2483921
"East Stroudsburg, PA",10140,55746.0,205155,40.9995386,-75.1812913
"Sioux City, IA",82821,47581.0,147442,42.4966815,-96.4058782
"Greenville, NC",90597,34204.0,158662,35.613224,-77.3724593
"Waterloo, IA",68460,49727.0,147152,42.497969300000000,-92.3329637
"Oshkosh, WI",66555,49987.0,173209,44.0206919,-88.54085740000000
"Yuba City, CA",66941,43238.0,338551,39.1404477,-121.6169108
"Abilene, TX",121721,39321.0,148232,32.44645,-99.7475905
"Columbia, MO",84905,43328.0,213738,38.951883,-92.3337366
"Dover, DE",37522,39012.0,254594,39.158168000000000,-75.5243682
"Eau Claire, WI",67778,49791.0,209025,44.811349,-91.4984941
"Janesville, WI",64123,47766.0,177466,42.6829765,-89.0226793
"Jackson, MI",170674,39130.0,168199,32.29903840000000,-90.1847691
"Punta Gorda, FL",18150,57928.0,244411,26.9297836,-82.0453664
"Bloomington, IN",84067,46281.0,226734,39.1670396,-86.5342881
"Pueblo, CO",109412,38195.0,226616,38.2544472,-104.60914100000000
"Billings, MT",110263,46948.0,292645,45.78749570000000,-108.49607000000000
"Bowling Green, KY",63616,48382.0,166478,36.990319900000000,-86.4436018
"Bend, OR",87014,51665.0,504816,44.058172800000000,-121.31530960000000
"Albany, GA",98469,33776.0,113571,31.576851,-84.156000
"Vineland, NJ",60818,55189.0,165817,39.4862777,-75.02542560000000
"Niles, MI",11333,41317.0,205440,41.829769400000000,-86.2541768
"Kahului, HI",31336,63404.0,737784,20.8747708,-156.45298794620000
"Ottawa, IL",18342,32603.0,119705,41.345733,-88.847007
"State College, PA",42161,35895.0,267014,40.794450400000000,-77.86163860000000
"Bangor, ME",32391,30286.0,183041,44.8011821,-68.77781380000000
"Alexandria, LA",47889,32558.0,130811,31.199004,29.894378000000000
"Decatur, AL",55437,38477.0,155839,39.8454163,-88.9524151
"Hanford, CA",55659,56239.0,268629,36.3274502,-119.64568440000000
"Iowa City, IA",74220,41357.0,227367,41.661256100000000,-91.5299106
"Rocky Mount, NC",55806,37879.0,120153,35.942383300000000,-77.7956949
"Monroe, MI",20092,51398.0,195186,38.272231300000000,-90.1792484
"Wichita Falls, TX",104710,44736.0,114296,33.913708500000000,-98.49338730000000
"Burlington, NC",52472,31424.0,184386,36.0956918,-79.43779910000000
"Madera, CA",64208,46061.0,306427,36.9622745,-120.05946850000000
"Jefferson City, MO",43169,51245.0,172290,38.577359,-92.1724265
"Chambersburg, PA",20691,37991.0,199381,39.9405903,-77.65986240000000
"Texarkana, TX",37280,36307.0,115305,33.44628645,-94.07638067493530
"Elizabethtown, KY",29678,51009.0,172031,37.693952,-85.8591285
"Pottsville, PA",13802,14985.0,94505,40.68513240000000,-76.19537010000000
"Wheeling, OH",27648,42041.0,107899,40.063961600000000,-80.72091490000000
"Florence, AL",40026,43355.0,131620,43.769871200000000,11.2555757
"Grand Junction, CO",60358,49453.0,297085,39.063956,-108.5507317
"Concord, NH",42620,66933.0,306956,43.207178000000000,-71.537476
"Dothan, AL",68567,41856.0,125621,31.2237434,-85.39339060000000
"Santa Fe, NM",84099,50775.0,415052,35.6876096,-105.93845690000000
"Johnstown, PA",19966,39251.0,85866,40.3267407,-78.9219698
"Traverse City, MI",15218,62087.0,276017,44.7606441,-85.61653010000000
"Hattiesburg, MS",46805,21145.0,148250,31.327118900000000,-89.2903392
"Dalton, GA",33853,36276.0,152090,34.768605,-84.971713
"Midland, TX",132950,65616.0,259359,31.997366200000000,-102.07794820000000
"Homosassa Springs, FL",13478,,189138,28.815059900000000,-82.5550448941568
"Auburn, AL",62059,39227.0,216420,32.6098566,-85.48078250000000
"Valdosta, GA",55724,39919.0,137443,30.8327022,-83.2784851
"Coeur d'Alene, ID",49122,,432009,47.6742994,-116.7811531
"Springfield, OH",59680,44395.0,135096,39.923404600000000,-83.810138
"St. George, UT",72897,,374494,37.104153000000000,-113.58413130000000
"Vero Beach, FL",16358,56806.0,255002,27.6387163,-80.39753990000000
"Odessa, TX",118968,60081.0,178941,31.845714900000000,-102.367687
"Napa, CA",80434,76203.0,790077,38.2971367,-122.28552930000000
"Tupelo, MS",35680,44249.0,123783,34.257606700000000,-88.7033859
"Battle Creek, MI",51589,45831.0,139834,42.319254800000000,-85.18242690000000
"Jamestown, NY",30075,44113.0,114881,42.0970023,-79.2353259
"Eureka, CA",26966,52462.0,355880,40.80207120000000,-124.16367290000000
"Rapid City, SD",73569,48375.0,242153,44.086932900000000,-103.22744810000000
"Flagstaff, AZ",70320,66952.0,426104,35.1816047,-111.6165953319920
"Lumberton, NC",21667,44386.0,82555,34.6183433,-79.00839930000000
"Wausau, WI",39094,43129.0,185296,44.95960170000000,-89.6298239
"La Crosse, WI",52306,41046.0,205555,43.8014053,-91.2395429
"Lebanon, PA",25534,49660.0,208106,40.342968300000000,-76.4233816
"Idaho Falls, ID",59184,54570.0,289653,43.4935589,-112.0401206
"Sierra Vista, AZ",43355,53275.0,178574,31.545570900000000,-110.27722490000000
"Pittsfield, MA",43303,37371.0,263833,42.451302,-73.260018
"Lawton, OK",96655,29789.0,102473,34.6086854,-98.3903305
"Farmington, NM",42871,51599.0,150374,36.7291152,-108.20544510000000
"Jackson, TN",66975,37818.0,136473,35.6144446,-88.8177418
"Morgantown, WV",30708,47468.0,178002,39.629680900000000,-79.9559437
"Glens Falls, NY",14291,49091.0,201629,43.309941000000000,-73.644447
"Winchester, VA",27284,73824.0,265738,39.185910,-78.164924
"St. Joseph, MO",76780,,128242,39.7686055,-94.8466322
"Altoona, PA",45344,31669.0,122883,40.518681,-78.394736
"New Bern, NC",30070,39442.0,169089,35.108493100000000,-77.04411430000000
"Carbondale, IL",26399,29142.0,102238,37.7274692,-89.216655
"London, KY",8126,35939.0,108173,37.1289771,-84.08326460000000
"Logan, ID",50371,53629.0,321523,41.7313447,-111.8348631
"Harrisonburg, VA",52538,46473.0,231249,38.4493315,-78.8688833
"Beckley, WV",17056,26672.0,85592,37.778170200000000,-81.18815570000000
"Mansfield, OH",46830,38951.0,124526,40.758390000000000,-82.51544710000000
"Weirton, OH",18219,46193.0,90591,40.3697905,-80.63396380000000
"Goldsboro, NC",35826,42700.0,145694,35.3848841,-77.9927651
"Augusta, ME",18471,36858.0,205857,44.310545,-69.7792759
"Hammond, LA",20480,33589.0,164970,41.5833658,-87.500043
"Jonesboro, AR",73907,38266.0,138486,35.8428646,-90.7034522
"Sherman, TX",3034,28508.0,191647,36.2452294,-101.8858689
"Anniston, AL",22347,36615.0,107649,33.6594422,-85.83163260000000
"Staunton, VA",24416,41440.0,214482,38.13579490000000,-79.08927008810580
"Muncie, IN",70087,28270.0,104781,40.19368920000000,-85.3865271
"Mount Vernon, WA",34053,48133.0,436360,48.42004620000000,-122.32642
"Albany, OR",52175,49922.0,318424,44.6365071,-123.1059324
"Watertown, NY",26780,52021.0,151138,43.9747838,-75.91075650000000
"Williamsport, PA",29201,35008.0,164044,41.2493292,-77.0027671
"Cleveland, TN",43898,45505.0,192279,35.1595182,-84.8766115
"Sheboygan, WI",48797,49341.0,174453,43.750828400000000,-87.71453000000000
"Bismarck, ND",71167,46868.0,286513,46.808327,-100.783739
"Owensboro, KY",59042,46432.0,143207,37.7742152,-87.1133304
"Dunn, NC",9723,29041.0,190313,35.3062743,-78.6089028
"Wooster, OH",26749,41915.0,187823,40.798097600000000,-81.9397733
"Morristown, TN",29478,33138.0,162126,36.2139814,-83.2948923
"Kankakee, IL",26676,18765.0,159031,41.1253903,-87.848682
"Brunswick, GA",16157,31155.0,210230,52.3175903,10.560215
"Ogdensburg, NY",10883,24007.0,84422,44.694285,-75.486374
"San Angelo, TX",100450,41915.0,162455,31.464835700000000,-100.43984420000000
"Michigan City, IN",31459,45859.0,169325,41.707539400000000,-86.89502970000000
"Holland, MI",33742,65118.0,237200,42.7876022,-86.1090828
"Wenatchee, WA",33636,56226.0,396790,47.4234599,-120.31034940000000
"Lawrence, KS",93917,47516.0,230323,38.9719384,-95.2359496
"Decatur, IL",73254,47799.0,93565,39.8454163,-88.9524151
"Missoula, MT",71022,36876.0,400493,46.8701049,-113.995267
"Salem, OH",12003,32064.0,110064,40.900892300000000,-80.8567502
"Bay City, MI",33917,33964.0,140625,43.5944677,-83.8888648
"Lewiston, ME",36202,40353.0,216660,44.100351,-70.2147764
"Roseburg, OR",22114,41699.0,239541,43.216505,-123.3417381
"Sumter, SC",40816,41509.0,134288,33.9204354,-80.3414693
"Meridian, MS",39661,30526.0,98946,32.3643098,-88.70365600000000
"Show Low, AZ",10860,31339.0,264418,34.254208400000000,-110.0298327
"Bluefield, WV",10323,32217.0,81936,37.2698395,-81.2223195
"Danville, VA",42082,28902.0,106425,40.125222000000000,-87.6304614
"Lima, OH",37873,41430.0,132358,40.7399785,-84.105006
"Cookeville, TN",32113,38579.0,178497,36.1623886,-85.4997057
"California-Lexington Park, MD",11626,,326519,38.2641725,-76.45310700000000
"Gadsden, AL",36084,28087.0,103524,34.009651300000000,-86.0244495
"Cumberland, MD",20130,31611.0,102916,39.6526498,-78.762383
"Longview, WA",36848,45030.0,329805,46.137704800000000,-122.93446230000000
"Whitewater, WI",14692,15929.0,265919,42.8336422,-88.7292679
"Fond du Lac, WI",42933,,156006,43.774876300000000,-88.4458033
"Ithaca, NY",30788,42080.0,233973,42.4396039,-76.49680190000000
"Ashtabula, OH",18371,38810.0,118866,41.7167229,-80.74947
"Gettysburg, PA",7608,57103.0,235858,39.8308973,-77.23101200000000
"Pine Bluff, AR",44772,26485.0,66733,34.2157064,-92.0140402
"Tullahoma, TN",19128,59605.0,174057,35.3620235,-86.2094342
"Richmond, KY",33533,69349.0,187464,37.747857200000000,-84.29465390000000
"Adrian, MI",20691,57723.0,169363,41.8975152,-84.0373054
"Twin Falls, ID",48951,39545.0,259897,42.5704456,-114.4602554
"Corning, NY",10897,47694.0,113646,42.143525700000000,-77.05434080000000
"Sebring, FL",10497,30461.0,159201,27.4957453,-81.44104250000000
"Truckee, CA",16299,46073.0,571505,39.327962,-120.1832533
"Paducah, KY",24864,43648.0,114005,37.0833893,-88.6000478
"Grand Forks, ND",57011,45962.0,210940,47.9078244,-97.0592028
"Shelby, NC",20189,31680.0,130038,35.2919489,-81.5402112
"Fairbanks, AK",32325,55944.0,194432,64.837845,-147.716675
"Ocean City, NJ",11355,74310.0,465274,39.277615600000000,-74.5746001
"Mankato, MN",41044,43715.0,232534,44.163466300000000,-93.9993505
"Rome, GA",36323,34889.0,144649,41.7958778,12.2419059
"Cape Girardeau, MO",39462,31689.0,165911,37.3034933,-89.52303570000000
"Hot Springs, AR",35193,38698.0,167016,34.503839300000000,-93.0552437
"Greenwood, SC",23260,39508.0,119985,34.1954001,-82.1617883
"Sunbury, PA",9652,43612.0,117450,40.8619754,-76.7936252
"Clarksburg, WV",16152,35642.0,106180,39.2806451,-80.34453410000000
"Victoria, TX",67574,44421.0,169699,28.802644300000000,-96.9766308
"Talladega, AL",12657,37737.0,110015,33.396707900000000,-86.1597137
"Dubuque, IA",58799,37723.0,194638,42.5006217,-90.66479670000000
"The Villages, FL",51442,52600.0,294204,28.946850400000000,-81.9533443
"Albertville, AL",19113,20717.0,149384,45.675462200000000,6.3925417
"Manhattan, KS",56308,51080.0,208748,39.1836082,-96.5716694
"Parkersburg, WV",30991,33799.0,117785,39.2699565,-81.5506916
"New Philadelphia, OH",17484,36213.0,139847,40.4897871,-81.44567060000000
"Orangeburg, SC",13460,28009.0,102614,33.4918203,-80.8556476
"Cheyenne, WY",63335,60655.0,302104,41.139981,-104.820246
"New Castle, PA",22375,37132.0,113652,40.999920200000000,-80.34718560000000
"Brainerd, MN",13371,37686.0,225412,46.3580221,-94.2008288
"Kalispell, MT",22052,52521.0,418385,48.202256300000000,-114.31671100000000
"Sevierville, TN",16490,44279.0,275876,35.868145500000000,-83.561835
"Ames, IA",65060,55986.0,211458,42.026770300000000,-93.6170554
"Bozeman, MT",43405,46218.0,527103,45.679429300000000,-111.04404700000000
"Moses Lake, WA",22082,58244.0,245746,47.1301417,-119.27807710000000
"Indiana, PA",14100,,133548,40.621455100000000,-79.1525349
"Elmira, NY",28213,44350.0,108484,42.089796500000000,-76.8077338
"Meadville, PA",13061,41239.0,112973,41.641445000000000,-80.151449
"Beaver Dam, WI",16564,58235.0,189449,43.4577692,-88.837329
"Pinehurst-Southern Pines, NC",15752,21627.0,267500,35.1946235,-79.46793170000000
"Ukiah, CA",15917,44572.0,448818,39.1501662,-123.2077861
"Hermiston-Pendleton, OR",17201,,217923,45.8404101,-119.2894605
"Lufkin, TX",36333,50047.0,128158,31.338624200000000,-94.72885580000000
"Zanesville, OH",25498,32069.0,124484,39.9403453,-82.01319240000000
"Corvallis, OR",55780,40769.0,407842,44.5645659,-123.2620435
"Bloomsburg, PA",14585,31415.0,173769,41.0044958,-76.4537302
"Laurel, MS",18837,37060.0,102955,31.706023,-89.13706958197960
"Russellville, AR",29166,35313.0,120712,35.278417300000000,-93.1337856
"Branson, MO",11431,35235.0,175141,36.6411357,-93.2175285
"Watertown, WI",23819,54542.0,241074,43.1948481,-88.72863520000000
"Midland, MI",132950,48852.0,159178,31.997366200000000,-102.07794820000000
"Opelousas, LA",16591,19504.0,123147,30.533530200000000,-92.081509
"Pocatello, ID",54441,47945.0,233612,42.86886130000000,-112.4401098
"Kokomo, IN",57995,40276.0,126291,40.486444400000000,-86.13363510000000
"Grants Pass, OR",37088,37141.0,340092,42.439370700000000,-123.3272489
"Huntsville, TX",40938,23042.0,178010,30.723526300000000,-95.55077710000000
"Plattsburgh, NY",19806,47918.0,154656,44.692820000000000,-73.45562
"Grand Island, NE",51440,50381.0,170770,40.924271000000000,-98.338685
"DuBois, PA",7597,,106377,41.118651,-78.76223420000000
"Danville, IL",32108,32315.0,69725,40.125222000000000,-87.6304614
"Manitowoc, WI",33010,42527.0,139061,44.0886059,-87.6575841
"Great Falls, MT",59638,44438.0,217557,47.5048851,-111.29189
"Wilson, NC",49643,40383.0,129200,35.7212689,-77.91553950000000
"Cullman, AL",15350,41389.0,148102,34.1335332,-86.8779268
"Olean, NY",13870,,87225,42.0774779,-78.4298613
"Auburn, NY",26985,38083.0,143977,42.932020200000000,-76.56720290000000
"Portsmouth, OH",20311,33867.0,89260,38.7316375,-82.9965441
"Athens, TX",12788,34315.0,190291,32.2044416,-95.85491400000000
"Oak Harbor, WA",22693,34498.0,490760,48.2931559,-122.64322450000000
"Chillicothe, OH",21727,48894.0,134705,39.333119700000000,-82.98240190000000
"Hinesville, GA",33398,40009.0,154150,31.8477298,-81.5960354
"Somerset, PA",6032,61231.0,116081,40.008411000000000,-79.07808310000000
"Warsaw, IN",14472,60398.0,198541,41.23810170000000,-85.8530544
"Stillwater, OK",49952,38663.0,158546,36.1156306,-97.0585717
"Quincy, IL",40780,40094.0,125901,39.9356016,-91.40987270000000
"Keene, NH",23265,65350.0,241109,42.933597,-72.27842640000000
"Sandusky, OH",16297,35562.0,161211,41.4561002,-82.71158130000000
"Searcy, AR",8195,35772.0,129147,35.901898700000000,-92.7098744
"Columbus, IN",46690,53643.0,187406,39.201440500000000,-85.9213796
"Roanoke Rapids, NC",15345,28609.0,73078,36.4610756,-77.6548026
"Centralia, WA",16753,46580.0,296632,46.7204489,-122.9614303
"Casper, WY",60285,65316.0,225479,42.849709000000000,-106.3254928
"Helena, MT",30581,57904.0,328464,46.5927425,-112.036277
"Findlay, OH",41149,56851.0,168689,41.0413873,-83.65039820000000
"Wisconsin Rapids-Marshfield, WI",18620,39700.0,137026,44.6688524,-90.17179870000000
"Palatka, FL",10390,30383.0,151405,29.6487882,-81.63721110000000
"Seneca, SC",8279,44722.0,186869,34.6865321,-82.95272880000000
"Mount Airy, NC",10354,34877.0,138177,36.499329700000000,-80.60716090000000
"Glenwood Springs, CO",9906,,595558,39.5507448,-107.3255001
"Key West, FL",24843,45395.0,640303,24.5625566,-81.77243680000000
"Aberdeen, WA",16276,80209.0,244348,46.975371,-123.815722
"Gallup, NM",23240,47604.0,175525,35.528357300000000,-108.743948
"Port Angeles, WA",19448,45875.0,345986,48.118146,-123.4307413
"Greenfield Town, MA",19753,,251957,42.588361,-72.599936
"Muskogee, OK",38456,36879.0,84322,35.747876900000000,-95.36969090000000
"Frankfort, KY",27830,52375.0,160083,38.2009055,-84.8732836
"Owosso, MI",14699,32995.0,127685,42.9975968,-84.1720541
"Mount Pleasant, MI",26060,27424.0,150269,43.597646000000000,-84.7668495
"Statesboro, GA",30721,27021.0,158944,32.4380721,-81.762407
"Marion, IN",27956,28218.0,90924,40.5583739,-85.6591442
"Stevens Point, WI",26604,38242.0,193467,44.5229223,-89.574111
"Minot, ND",49450,41780.0,199613,48.23251,-101.296273
"Shawnee, OK",31286,36070.0,104054,35.327292800000000,-96.92530040000000
"North Wilkesboro, NC",4226,28940.0,147496,36.1584651,-81.14758410000000
"Richmond, IN",35854,29501.0,107014,39.828689700000000,-84.8898521
"Greeneville, TN",15094,30781.0,139424,36.163157500000000,-82.83098610000000
"Martinsville, VA",13645,41950.0,84723,36.691526200000000,-79.8725386
"Forest City, NC",7282,25941.0,134534,35.334010800000000,-81.86510280000000
"Lake City, FL",12161,50700.0,177974,30.1896756,-82.63928990000000
"Kapaa, HI",10580,59562.0,645246,22.0833399,-159.34635231502900
"Marquette, MI",67077,32121.0,172833,46.4481521,-87.6305899
"LaGrange, GA",29588,,130770,43.1268715,0.3513345
"Marion, OH",36363,48878.0,108523,40.5886259,-83.1287349
"Morehead City, NC",9347,47187.0,303047,34.7229391,-76.7260436
"Klamath Falls, OR",21399,41838.0,217047,42.224867000000000,-121.78167040000000
"Marinette, WI",41749,38362.0,114359,45.099959400000000,-87.6307265
"Roswell, NM",48544,41016.0,113511,33.394328200000000,-104.52295180000000
"Marshall, TX",23820,35542.0,140729,32.5447756,-94.36610040000000
"Farmington, MO",18181,39082.0,123248,36.7291152,-108.20544510000000
"Charleston, IL",21196,44640.0,87721,39.496026,-88.175795
"Athens, OH",25044,40613.0,125105,39.3289242,-82.1012479
"Hobbs, NM",38416,58391.0,181313,32.707667,-103.1311314
"Clearlake, CA",15182,27038.0,281033,38.9582307,-122.62637280000000
"Nacogdoches, TX",33894,36162.0,157870,31.597050300000000,-94.59274510000000
"Hutchinson, KS",41569,44120.0,106399,38.06084440000000,-97.9297743
"Faribault, MN",14553,50686.0,280918,43.664796100000000,-93.95105010000000
"Elizabeth City, NC",17988,27591.0,181132,36.295683600000000,-76.22476970000000
"Ionia, MI",63905,64252.0,166912,42.94696880000000,-85.0713945
"Alamogordo, NM",30753,48591.0,142853,32.9046474,-105.94183500000000
"Red Bluff, CA",14131,30329.0,253609,40.178427900000000,-122.2359236
"Hudson, NY",6235,44220.0,289900,42.2528649,-73.790959
"Somerset, KY",11439,29568.0,147081,37.0920222,-84.6041084
"Coos Bay, OR",16182,35808.0,256127,43.3678937,-124.21746470000000
"Walla Walla, WA",32237,58686.0,292290,46.0667277,-118.3393456
"Sayre, PA",5424,19511.0,148459,41.9789631,-76.515499
"Oneonta, NY",13862,38242.0,160238,42.453492,-75.0629531
"Fort Madison, IA",10717,44187.0,92840,40.6299403,-91.3151908
"Baraboo, WI",12138,36740.0,222975,43.4704014,-89.74378440000000
"Marietta, OH",13900,28953.0,136324,39.416774200000000,-81.4548392
"Salina, KS",47813,54889.0,134423,38.8402805,-97.6114237
"Rutland, VT",15824,53099.0,193253,43.62059485,-73.0165311727497
"Big Stone Gap, VA",5614,,77521,36.86145665,-82.78040232095920
"Sturgis, MI",10896,47424.0,147267,41.799217,-85.41914820000000
"Rio Grande City, TX",14404,17578.0,65906,26.382777100000000,-98.8205251
"Fremont, OH",16297,27091.0,130280,41.3473413,-83.11349720000000
"Mount Vernon, OH",16742,38172.0,169839,40.3933956,-82.4857181
"Lewiston, ID",32544,43901.0,261711,46.41959130000000,-117.0216144
"Shelton, WA",9834,39404.0,353394,47.2150945,-123.10070660000000
"Albemarle, NC",16003,51923.0,161503,35.350142600000000,-80.2000578
"Enid, OK",51776,46404.0,91927,36.3967623,-97.87913410000000
"Jefferson, GA",16930,64488.0,256627,33.5575361,-86.7458972
"Georgetown, SC",9062,19889.0,281753,33.376834,-79.2944965
"Laconia, NH",16227,47512.0,313613,43.527854600000000,-71.47035100000000
"Batavia, NY",15010,36806.0,146597,42.998014400000000,-78.1875515
"Oxford, NC",8742,26745.0,200852,36.310700400000000,-78.5908345
"Columbus, MS",23168,38166.0,124681,33.4956744,-88.4272627
"Norwalk, OH",16827,42809.0,124678,41.2424219,-82.6155745
"Barre, VT",8746,55645.0,260899,44.197467000000000,-72.502213
"Kinston, NC",21337,34076.0,96770,35.2626635,-77.5816353
"Sterling, IL",15057,30051.0,108651,41.788642000000000,-89.6962194
"Palestine, TX",18288,38087.0,112166,31.762115300000000,-95.6307891
"Dublin, GA",16197,38075.0,110734,53.4715616,-6.242181700000000
"Vicksburg, MS",23131,36668.0,132103,32.3528418,-90.8777342
"Point Pleasant, WV",4276,34686.0,99857,38.8445251,-82.13708890000000
"Sanford, NC",29144,36683.0,153918,35.4798757,-79.18029940000000
"Fergus Falls, MN",13281,75240.0,248344,46.283015,-96.077558
"Tiffin, OH",17687,48760.0,117249,41.114485000000000,-83.1779537
"Fairmont, WV",18733,42847.0,113306,39.4850848,-80.1425781
"Crossville, TN",11411,45800.0,188250,35.9489566,-85.02690150000000
"Picayune, MS",10675,,148050,30.5254692,-89.6795084
"Gloversville, NY",15023,44996.0,127141,43.050508800000000,-74.345724
"Sonora, CA",4818,47533.0,304298,37.9840911,-120.3821381
"Gaffney, SC",12566,31519.0,89274,35.0717945,-81.64981950000000
"Carson City, NV",54521,51355.0,375144,39.167718,-119.72343808573600
"Calhoun, GA",6694,48045.0,154307,42.308027200000000,-85.249317
"Milledgeville, GA",18931,46119.0,138143,33.0801429,-83.2320991
"Waycross, GA",14053,31623.0,101850,31.2135511,-82.3540178
"Oil City, PA",10137,,89384,41.433948,-79.706441
"Jasper, IN",15827,51787.0,161094,38.391422800000000,-86.9308719
"Morgan City, LA",11835,40329.0,119531,29.6993748,-91.20677000000000
"Eagle Pass, TX",28765,30545.0,143012,28.7099337,-100.4938137
"Ontario, OR",10999,31504.0,200921,44.0265525,-116.9629378
"Payson, AZ",15345,45493.0,266040,34.2308684,-111.3251355
"McComb, MS",12661,,114177,31.243787200000000,-90.4531536
"Rochelle, IL",9309,,137645,46.1591126,-1.1520434
"Scottsboro, AL",14722,37346.0,119796,34.6731323,-86.0338765
"Danville, KY",16690,42328.0,125427,37.6456488,-84.7721823
"Ashland, OH",20317,40907.0,152443,40.86861470000000,-82.3175942
"Natchez, MS",15128,27719.0,97339,31.5604442,-91.403171
"Greenville, OH",13006,35878.0,137925,40.102390900000000,-84.63329860000000
"Galesburg, IL",31273,40231.0,79292,40.9479779,-90.37058420000000
"Warrensburg, MO",19927,32481.0,188570,38.762437300000000,-93.7409596
"Kearney, NE",6489,50816.0,212994,40.490621600000000,-98.9472344
"Fort Polk South, LA",9048,,143824,31.0520965,-93.21691551247270
"Fort Leonard Wood, MO",15061,,154657,37.70114,-92.16933029454010
"Glasgow, KY",14470,40869.0,123408,36.995884100000000,-85.91192150000000
"Athens, TN",13688,32686.0,147068,35.4428864,-84.5930113
"Edwards, CO",10266,0.0,704266,39.624457,-106.63085239890000
"Fernley, NV",19418,44246.0,309549,39.6048048,-119.24047480000000
"Mason City, IA",27366,54186.0,124339,43.15357280000000,-93.2010367
"Malone, NY",5756,33002.0,118913,44.84881,-74.29504400000000
"Winona, MN",27094,48290.0,204086,43.9582272,-91.78077840000000
"Durango, CO",18006,57218.0,444493,37.2713951,-107.8815978
"Platteville, WI",12572,58358.0,144029,42.7342942,-90.47844510000000
"Boone, NC",18156,34692.0,324529,36.216795,-81.6745517
"Bartlesville, OK",36595,39624.0,109605,36.7494864,-95.9782966
"Jacksonville, TX",14884,35763.0,128659,31.963778,-95.2705042
"Elko, NV",20279,76331.0,279327,41.1958128,-115.3272864
"Rexburg, ID",27663,22027.0,288425,43.823516300000000,-111.78702220000000
"St. Marys, GA",17968,,194848,39.194164,-96.0711041
"Ozark, AL",14719,50759.0,100930,31.458476400000000,-85.6405865
"Amsterdam, NY",17836,50743.0,124393,42.953685,-74.2195811
"Enterprise, AL",27978,66732.0,135378,41.3219245,19.8156389
"Paris, TX",24782,48423.0,115725,33.661796200000000,-95.555513
"Kerrville, TX",23370,35802.0,266966,30.0474688,-99.14002070000000
"New Castle, IN",17621,43292.0,103364,39.928935100000000,-85.37024770000000
"Sidney, OH",20858,50166.0,155452,40.2842164,-84.15549870000000
"Cortland, NY",49336,44461.0,138001,42.60118130000000,-76.1804843
"Clinton, IA",26064,41310.0,131191,41.9054695,-90.55999710000000
"Del Rio, TX",36153,44168.0,129232,29.3655405,-100.89469840000000
"Clovis, NM",39480,31422.0,166583,34.405472000000000,-103.20507090000000
"Norfolk, NE",24366,55002.0,164793,52.666667000000000,1.0
"Washington, NC",13228,39027.0,148021,35.8725573,-76.62152450000000
"Corsicana, TX",23952,42429.0,116104,32.091299,-96.4646821
"Freeport, IL",24476,45671.0,94261,42.2966861,-89.6212271
"Starkville, MS",25366,28190.0,178816,33.4503998,-88.8183872
"Burlington, IA",25410,34477.0,101705,40.8075391,-91.1129234
"Cadillac, MI",10373,44624.0,125550,44.3353211,-85.5741088
"Ardmore, OK",25176,41381.0,103039,34.1742611,-97.1436254
"Kendallville, IN",9927,41748.0,151022,41.441438500000000,-85.26497540000000
"Nogales, AZ",20252,43252.0,176725,31.340213400000000,-110.9360818
"Oxford, MS",22314,46217.0,196614,34.366412700000000,-89.5187664
"Bogalusa, LA",11933,21527.0,108267,30.791020400000000,-89.8486858
"Plymouth, IN",46563,39515.0,164920,41.3436555,-86.30972780000000
"Gardnerville Ranchos, NV",11312,,528674,38.8958109,-119.74195470000000
"Tahlequah, OK",16598,23688.0,116070,35.91537,-94.96995600000000
"Madisonville, KY",19539,35614.0,91725,37.328003700000000,-87.49869890000000
"Cañon City, CO",16400,,257257,38.442364400000000,-105.2224947
"Ruston, LA",22340,34041.0,157033,32.5232053,-92.637927
"Hillsdale, MI",46688,24139.0,148197,41.8779105,-84.59843960000000
"Lewistown, PA",8271,41096.0,110468,40.5992395,-77.571382
"Rockingham, NC",15403,21816.0,77315,34.9393201,-79.7739457
"Ponca City, OK",24758,44823.0,71003,36.72674310000000,-97.06673410000000
"Blytheville, AR",14694,36149.0,75580,35.9272953,-89.91897540000000
"Red Wing, MN",16445,68152.0,252708,44.562467600000000,-92.5338013
"Shawano, WI",41949,57586.0,170900,44.7822064,-88.6089917
"Cedar City, UT",30184,29677.0,261884,37.67742380000000,-113.0618277
"Bedford, IN",13347,38563.0,122296,38.8611619,-86.48721490000000
"Gillette, WY",32649,81131.0,276139,44.290635000000000,-105.501876
"Newport, OR",10559,24483.0,347080,44.636755,-124.05344200000000
"Wapakoneta, OH",9823,35943.0,153075,40.5678265,-84.1935594
"Huntingdon, PA",7029,39164.0,128058,40.484795900000000,-78.0102813
"Bellefontaine, OH",13117,49522.0,158069,40.3611643,-83.7596557
"McAlester, OK",18310,,93177,34.9334981,-95.7697934
"Blackfoot, ID",11740,46761.0,237791,43.190039,-112.34835700000000
"Moultrie, GA",14377,32658.0,96822,39.639144200000000,-88.6087498
"Henderson, NC",13814,30810.0,91643,36.3295905,-78.3991638
"Coldwater, MI",10844,57175.0,131460,37.2689131,-99.3267808
"Harrison, AR",13138,,125723,36.2297936,-93.1076765
"Rolla, MO",20019,31394.0,147207,37.9509324,-91.77080760000000
"Shelbyville, TN",21317,27796.0,199157,35.483406,-86.4602717
"Duncan, OK",23231,35540.0,86892,34.5023029,-97.95781290000000
"Marion, NC",7861,35506.0,158153,35.684102200000000,-82.0091028
"Lewisburg, PA",5774,46520.0,195836,40.964529300000000,-76.8844101
"Pullman, WA",32816,45840.0,299080,46.7304268,-117.173895
"Thomasville, GA",18742,29332.0,147886,35.8831786,-80.081817
"Bemidji, MN",14594,55046.0,190286,47.478541800000000,-94.89078690000000
"Mount Sterling, KY",7208,,117721,38.05610790000000,-83.9431961
"Ottumwa, IA",24545,35124.0,88810,41.0200145,-92.4112963
"Pahrump, NV",36441,37617.0,267319,36.2083012,-115.9839128
"Menomonie, WI",16305,32307.0,185136,44.875518300000000,-91.9193422
"Selma, AL",19519,26496.0,59103,32.4078632,-87.0207473
"Rock Springs, WY",23962,82910.0,243899,41.5869225,-109.20478670000000
"Bucyrus, OH",11916,42765.0,85726,40.8083909,-82.9754649
"Bradford, PA",62622,51836.0,69289,41.9558963,-78.64391640000000
"Bardstown, KY",13091,43957.0,182391,37.809227900000000,-85.4669025
"Cornelia, GA",4223,33536.0,179384,34.511488300000000,-83.5271166
"Burley, ID",10436,49849.0,202182,42.535742800000000,-113.79279480000000
"Greenwood, MS",15431,12088.0,85964,33.5162315,-90.1795281
"Big Rapids, MI",10397,31234.0,141338,43.698078,-85.48365600000000
"Poplar Bluff, MO",17266,24857.0,115819,36.756832700000000,-90.3957115
"Muscatine, IA",23774,47873.0,143265,41.4776121,-91.1210053
"Alma, MI",9193,26695.0,98304,39.016666,-96.289162
"Durant, OK",17286,39331.0,121205,33.9958945,-96.38142590000000
"Seymour, IN",19478,35998.0,152777,38.9592201,-85.8902547
"Douglas, GA",32897,23942.0,113817,31.509008,-82.851041
"Willmar, MN",19638,50700.0,195810,45.1219492,-95.0435373
"Auburn, IN",12979,,163851,41.366990200000000,-85.0588632
"Sedalia, MO",21633,25589.0,108446,38.7098314,-93.2295515
"Paragould, AR",27900,34967.0,117137,36.0584021,-90.4973286
"Wilmington, OH",12449,35849.0,137509,39.4453393,-83.8285375
"Lawrenceburg, TN",10569,34757.0,126920,35.2423023,-87.3347389
"Warren, PA",9334,27505.0,93414,41.843949,-79.145045
"El Dorado, AR",18386,38055.0,85289,33.20763,-92.66626740000000
"Mountain Home, AR",12330,30431.0,141976,36.335344900000000,-92.3851593
"Cedartown, GA",9750,27568.0,115285,34.0124425,-85.2559398
"Port Clinton, OH",254,41135.0,187848,41.511995400000000,-82.9376919
"El Campo, TX",11604,34301.0,147539,29.196640500000000,-96.26968670000000
"Montrose, CO",19062,36960.0,303484,38.4375391,-108.2403855
"Ellensburg, WA",19001,47096.0,377433,46.9970635,-120.5451223
"Jacksonville, IL",19103,36943.0,92364,39.734292,-90.229146
"Sandpoint, ID",8386,34471.0,389479,48.2765903,-116.5532476
"Alice, TX",19408,30317.0,150598,27.752248700000000,-98.06972490000000
"Celina, OH",10387,41645.0,174570,40.548935800000000,-84.5702338
"Garden City, KS",27005,52414.0,176032,37.9716898,-100.8726618
"Marshalltown, IA",27620,52663.0,113531,42.0442545,-92.91233880000000
"Aberdeen, SD",28102,47793.0,176479,45.464980500000000,-98.487813
"West Plains, MO",12285,28925.0,132460,36.7281652,-91.8525756
"Cullowhee, NC",6228,39802.0,277839,35.3137739,-83.1765814
"Espa±ola, NM",10224,42259.0,180148,35.99109620000000,-106.0808358
"Riverton, WY",10873,45727.0,225378,43.0247245,-108.38072700000000
"Tifton, GA",16725,33539.0,142774,31.4522765,-83.5096866
"Urbana, OH",11547,37461.0,152410,40.1083912,-83.7524298
"Cambridge, OH",10402,49204.0,114543,40.031183,-81.5884561
"Okeechobee, FL",5608,34171.0,180888,27.3923408,-80.8873655
"McMinnville, TN",13759,,142324,35.683404000000000,-85.7699816
"Selinsgrove, PA",5792,39771.0,182037,40.8062437,-76.86070840000000
"Natchitoches, LA",18365,29986.0,172570,31.760673200000000,-93.08602090000000
"Berlin, NH",9367,31006.0,135388,44.469071,-71.185226
"Lock Haven, PA",9604,40280.0,150386,41.1369077,-77.4471641
"Sikeston, MO",16436,29333.0,110589,36.876719,-89.5878579
"Austin, MN",24563,46225.0,147336,43.6680928,-92.9744896
"Clewiston, FL",7505,,146218,26.754231200000000,-80.9336753
"Pittsburg, KS",20409,34907.0,86485,37.410884100000000,-94.70496
"Defiance, OH",16776,36573.0,131400,41.284493300000000,-84.3557802
"Scottsbluff, NE",14802,38949.0,144142,41.862302,-103.6627088
"Logansport, IN",17793,43829.0,93012,40.7545006,-86.3567356
"Pontiac, IL",11794,51962.0,101917,40.880866600000000,-88.6297839
"Hannibal, MO",17839,47510.0,128539,39.7082498,-91.35874130000000
"Mount Vernon, IL",15087,47509.0,96920,38.317271500000000,-88.9031201
"Houghton, MI",49931,29120.0,135748,46.8591287,-88.7774734
"Union City, TN",10573,19062.0,85108,36.4242303,-89.05700960000000
"Sault Ste. Marie, MI",13591,,124460,46.488012,-84.359269
"Vincennes, IN",18012,31025.0,94664,38.6772691,-87.5286325
"Gainesville, TX",16292,33649.0,190683,33.6259414,-97.1333453
"Dyersburg, TN",16781,28110.0,104322,36.034515900000000,-89.38562810000000
"Kill Devil Hills, NC",7058,53029.0,358169,36.0307227,-75.67601010000000
"Crawfordsville, IN",16090,43736.0,141735,40.0401991,-86.8990249
"Brownwood, TX",18679,35779.0,118003,31.707002600000000,-98.9831022
"Stephenville, TX",20603,43483.0,174069,32.2191836,-98.21306340000000
"Americus, GA",16028,25832.0,91415,32.0723862,-84.23268760000000
"Easton, MD",16591,33853.0,344807,38.774495200000000,-76.0763065
"North Platte, NE",22797,49738.0,150461,41.1238873,-100.7654232
"Newberry, SC",10331,29584.0,144374,34.275324700000000,-81.61886330000000
"Ada, OK",17303,34875.0,106442,34.7743383,-96.6783651
"Moscow, ID",25319,26520.0,331281,46.7323875,-117.00016510000000
"Safford, AZ",9683,43128.0,194844,32.833954600000000,-109.70758000000000
"Murray, KY",18954,42116.0,134752,36.610333400000000,-88.314761
"Bennington, VT",9074,45293.0,237482,42.8783183,-73.1971692
"Huntington, IN",37124,39270.0,126010,40.8831011,-85.497476
"Mayfield, KY",10080,38831.0,98056,36.7413624,-88.6352595
"Canton, IL",14211,49396.0,75741,40.562216,-90.034904
"Escanaba, MI",12334,20111.0,103934,45.7455707,-87.0647434
"Corinth, MS",14866,31879.0,103687,34.9343599,-88.5223353
"Astoria, OR",9626,48724.0,375951,46.187885000000000,-123.83125600000000
"Peru, IN",11060,29802.0,92591,40.7536528,-86.0688811
"Coshocton, OH",11121,32028.0,121167,40.272015100000000,-81.8595757
"Newton, IA",15125,65860.0,134149,41.6996927,-93.0537592
"Logan, WV",36743,,70086,37.8487778,-81.9932151
"Bay City, TX",17598,64415.0,158668,28.9827565,-95.969402
"Fremont, NE",26474,62094.0,151735,41.433916,96.498689
"Hutchinson, MN",13913,31014.0,205154,44.8877401,-94.3697057
"Batesville, AR",10668,37076.0,103395,35.769799,-91.64097220000000
"Owatonna, MN",25725,36367.0,199442,44.0839937,-93.22610760000000
"Vidalia, GA",10679,65872.0,114169,32.217685500000000,-82.4134614
"Summit Park, UT",8128,,839873,40.755077500000000,-111.59359465474200
"Arkansas City-Winfield, KS",12136,37196.0,84503,37.0622562,-97.03883380000000
"Laramie, WY",63335,31312.0,261767,41.311367,-105.591101
"Plainview, TX",20919,48216.0,80609,34.1847936,-101.7068417
"Big Spring, TX",28862,48141.0,132553,32.250398,-101.4787356
"Laurinburg, NC",15507,26966.0,79467,34.7740495,-79.4628248
"Dixon, IL",15319,49904.0,103251,41.842519700000000,-89.4814291
"Alexandria, MN",11843,46120.0,248829,45.88616030000000,-95.3795329
"Newport, TN",6834,,118003,35.967041200000000,-83.1876578
"DeRidder, LA",10890,,119070,30.846201,-93.289281
"Lebanon, MO",14688,29614.0,136793,37.6806669,-92.6637835
"Coffeyville, KS",9457,44839.0,60736,37.0372999,-95.61636340000000
"Seneca Falls, NY",6681,54383.0,131565,42.910719,-76.7967848
"Sulphur Springs, TX",16098,42119.0,131742,33.1384886,-95.60101430000000
"Martin, TN",10959,22037.0,102212,36.343396500000000,-88.850338
"Susanville, CA",15247,59703.0,181391,40.4162842,-120.6530063
"Brookhaven, MS",12414,26562.0,124121,31.5790588,-90.4406506
"Arcadia, FL",7851,39513.0,144918,27.224450200000000,-81.8610527344334
"Taylorville, IL",10873,42989.0,84923,39.548935,-89.294533
"Decatur, IN",25740,34349.0,155932,40.830603,-84.9291329
"Junction City, KS",24621,41483.0,152316,39.0286093,-96.8313978
"Effingham, IL",12604,38648.0,144971,39.0520902,-88.6029006
"Valley, AL",169598,33160.0,72803,33.258881700000000,-86.8295337
"Butte, MT",34190,26543.0,157765,46.003924,-112.534447
"Angola, IN",8644,50119.0,189446,41.634874000000000,-84.99928
"Dodge City, KS",27555,43083.0,118880,37.7527982,-100.0170787
"Brenham, TX",16579,61686.0,235426,30.166882800000000,-96.3977442
"Emporia, KS",24607,46922.0,113527,38.4040054,-96.181623
"Jackson, OH",33225,28902.0,96183,39.0520169,-82.63655370000000
"Frankfort, IN",16060,42347.0,122434,40.2797657,-86.5108244
"Brevard, NC",7735,44855.0,259270,35.2334472,-82.73429190000000
"Taos, NM",2518,,312063,36.4072377,-105.5732847
"Malvern, AR",10928,29503.0,99989,34.362314900000000,-92.8129463
"Troy, AL",18853,35027.0,121085,39.95737395,26.238017461011600
"Wabash, IN",10381,36815.0,119931,40.797821,-85.8205411
"Cambridge, MD",12375,63463.0,159818,38.5714624,-76.0763177
"Macomb, IL",18547,30484.0,78011,40.4588934,-90.6713939
"Vernal, UT",11200,77607.0,243626,40.4556825,-109.5284741
"Kingsville, TX",26225,31832.0,109035,27.5158689,-97.856109
"Madison, IN",55305,51625.0,140346,38.735893300000000,-85.3799577
"Mount Pleasant, TX",16051,52197.0,133855,33.1570582,-94.9694007
"Paris, TN",10150,23783.0,124336,36.3019461,-88.3258578
"Columbus, NE",22797,55403.0,187969,41.429812,-97.360028
"Brookings, SD",23657,49725.0,216640,44.311461,-96.79844
"Kennett, MO",10062,31887.0,75376,36.238108200000000,-90.0551598
"Beeville, TX",13277,46535.0,125134,28.400831900000000,-97.74833120000000
"Miami, OK",13611,21399.0,77743,36.8746177,-94.877374
"Dayton, TN",7384,27498.0,157868,35.49395870000000,-85.0124535
"Washington, IN",260326,42864.0,146676,38.6592152,-87.172789
"Camden, AR",11347,28880.0,55216,33.584558200000000,-92.83432940000000
"Jackson, WY",10523,81913.0,711685,43.476982,-110.762299
"Hastings, NE",24924,30641.0,137998,50.8553888,0.5824703
"Juneau, AK",32756,73375.0,416380,58.30194960000000,-134.419734
"Albert Lea, MN",17674,37826.0,124042,43.6480127,-93.3682656
"Lewisburg, TN",11480,31649.0,202067,35.4492404,-86.7888887
"Iron Mountain, MI",7369,,107196,45.820233,-88.06596
"Lincoln, IL",13966,51174.0,98598,40.148719,-89.363263
"Jesup, GA",9633,32380.0,124468,42.4750516,-92.0627194
"Kirksville, MO",17554,44339.0,123550,40.1948848,-92.5833939
"Alpena, MI",10034,40435.0,108657,45.01761810000000,-83.6670019
"Silver City, NM",10004,,160874,32.7725053,-108.2793701
"Indianola, MS",9943,,65706,33.45095130000000,-90.6550917
"Elkins, WV",7226,34403.0,91952,38.925927,-79.8466552
"Las Vegas, NM",13386,20693.0,165261,35.5939325,-105.2238969
"McPherson, KS",13054,,164247,38.3659015,-97.65751710000000
"Sheridan, WY",17873,57433.0,294769,39.3530598,-100.4576457
"Washington Court House, OH",14019,36694.0,127735,39.5364511,-83.4390843
"Bennettsville, SC",8605,39493.0,59454,34.617380300000000,-79.6847814
"Van Wert, OH",7023,42006.0,109911,40.861622500000000,-84.5755178
"Merrill, WI",9108,45360.0,139400,45.180522000000000,-89.683459
"Ludington, MI",8058,,161092,43.9555406,-86.4477416
"Middlesborough, KY",10334,,57139,36.6180555,-83.71392562113430
"Crescent City, CA",6774,49913.0,269532,41.755948,-124.201747
"North Vernon, IN",6619,44468.0,135851,39.006165,-85.6235796
"Hays, KS",21092,55496.0,180494,38.8791783,-99.3267702
"Forrest City, AR",14672,28738.0,49399,35.0081474,-90.7898342
"Fort Morgan, CO",11319,45658.0,229136,40.250258200000000,-103.79995100000000
"Mineral Wells, TX",14754,31444.0,131700,32.808460500000000,-98.1128223
"Breckenridge, CO",4896,62896.0,695170,39.482912400000000,-106.04654860000000
"Bastrop, LA",10713,33411.0,55081,30.11075895,-97.32192613278200
"Bainbridge, GA",12507,31388.0,106732,30.903825200000000,-84.57547680000000
"Wauchula, FL",4803,42280.0,122384,27.5472589,-81.8114715
"Hailey, ID",8134,,548426,43.519629000000000,-114.315325
"Great Bend, KS",15358,38530.0,81731,38.3625063,-98.78040870000000
"Weatherford, OK",12126,60304.0,122275,35.5261633,-98.70757440000000
"Watertown, SD",22166,40470.0,210728,44.899211,-97.115289
"Grants, NM",9239,48042.0,96593,35.147260000000000,-107.85144650000000
"Thomaston, GA",8774,37553.0,89276,40.786212400000000,-73.71374210000000
"Mountain Home, ID",13730,,214215,43.1329504,-115.69119750000000
"Altus, OK",19214,39024.0,66818,34.6381255,-99.33397540000000
"Uvalde, TX",16476,29336.0,135767,29.300357,-99.7733181
"Lexington, NE",10097,41965.0,124320,40.779872,-99.741503
"Boone, IA",12692,52620.0,147118,42.017179800000000,-93.9254114
"Toccoa, GA",8308,28212.0,118406,34.577436800000000,-83.332881
"Clarksdale, MS",16847,39346.0,62034,34.2006479,-90.5702071
"Summerville, GA",4452,13090.0,88626,34.480642000000000,-85.3477343
"Ottawa, KS",6091,56296.0,146392,39.1273653,-97.6568094
"New Ulm, MN",13327,56633.0,167598,44.3140261,-94.4614177
"Marshall, MN",9439,53807.0,163631,48.360533600000000,-96.381968
"La Grande, OR",13074,51164.0,209935,45.3246068,-118.08786950000000
"Greensburg, IN",11819,44160.0,164507,39.3372722,-85.483581
"Mexico, MO",715061,56905.0,106295,39.1697626,-91.8829484
"Moberly, MO",13919,30452.0,101130,39.4201137,-92.4364298
"The Dalles, OR",15340,42815.0,264214,45.6015056,-121.18415870000000
"Deming, NM",14522,22834.0,119071,32.262741600000000,-107.7581979
"Fallon, NV",8430,37787.0,261825,39.4745166,-118.7778952
"Fredericksburg, TX",11094,54437.0,369908,30.2752011,-98.8719843
"Magnolia, AR",11669,34056.0,93200,33.2670725,-93.2393341
"Campbellsville, KY",11237,41653.0,109834,37.3433974,-85.3419069
"Connersville, IN",13010,47845.0,86839,39.6411589,-85.1410748
"Dickinson, ND",23765,76282.0,264903,46.879175600000000,-102.7896242
"Spearfish, SD",11283,32031.0,255890,44.490817,-103.85937
"Heber, UT",15699,84153.0,529649,40.506525600000000,-111.4133091
"Steamboat Springs, CO",12435,56336.0,643520,40.484800300000000,-106.83173590000000
"Cordele, GA",10943,33077.0,101183,31.963507400000000,-83.7823938
"Maryville, MO",11879,25143.0,150496,40.346046800000000,-94.8723858
"Marshall, MO",12949,31970.0,108080,39.1230777,-93.19687040000000
"Arkadelphia, AR",10745,9618.0,93623,34.1209292,-93.053784
"Liberal, KS",20746,39882.0,118288,37.0430812,-100.920999
"Levelland, TX",13914,64704.0,119471,33.5873164,-102.37796
"Wahpeton, ND",7899,48236.0,135488,46.265879,-96.608863
"Mitchell, SD",15669,75734.0,172083,43.70953,-98.025379
"Sterling, CO",14104,20213.0,190184,40.6255415,-103.207709
"Pampa, TX",18177,40387.0,64559,35.536297,-100.9601552
"Yankton, SD",14573,38142.0,185185,42.8712938,-97.39670110000000
"Williston, ND",26977,107262.0,275467,48.146545700000000,-103.621814
"Oskaloosa, IA",11607,39863.0,124172,41.2963365,-92.64496120000000
"Brookings, OR",6431,53781.0,356350,42.052371800000000,-124.28407070000000
"Hood River, OR",7715,,493783,45.7087902,-121.5123728
"Beatrice, NE",12300,37924.0,110472,40.266429000000000,-96.74736900000000
"Borger, TX",12964,51191.0,73258,35.6678204,-101.39738760000000
"Raymondville, TX",11139,11654.0,72374,26.4814565,-97.783051
"Elk City, OK",12717,,104794,35.4119944,-99.40425920000000
"Grenada, MS",12900,28660.0,97060,33.7690049,-89.8084192
"Dumas, TX",15001,40420.0,131629,35.8635875,-101.9650625
"Helena, AR",11109,,29661,-49.897481800000000,-68.60713010000000
"Parsons, KS",10090,35620.0,54361,37.3407838,-95.2596295
"Price, UT",8378,32624.0,160359,39.5994095,-110.8107148
"Port Lavaca, TX",12416,42036.0,149797,28.6149968,-96.6260892
"Worthington, MN",13090,41735.0,138982,43.6205056,-95.5956434
"Pierre, SD",14002,53142.0,219104,44.3683644,-100.35113670000000
"Evanston, WY",12133,83387.0,213290,42.0447388,-87.6930459
"Jamestown, ND",15422,47129.0,173024,46.910544,-98.70843600000000
"Prineville, OR",9530,38018.0,296262,44.2998261,-120.834972
"Guymon, OK",11488,35133.0,104324,36.682804100000000,-101.4815493
"Storm Lake, IA",10910,41034.0,130078,42.6453271,-95.1992916
"Woodward, OK",12488,49906.0,108584,36.433648100000000,-99.39038620000000
"Portales, NM",11995,24035.0,124804,34.1861922,-103.3343978
"Hereford, TX",15021,50584.0,101199,34.8245521,-102.39877800000000
"Othello, WA",7809,55879.0,209503,46.825974200000000,-119.1752913
"Los Alamos, NM",12019,105660.0,326425,35.881400900000000,-106.29899580000000
"Fitzgerald, GA",9013,30829.0,81685,41.6211518,15.9117654
"Maysville, KY",8819,32979.0,95826,38.6411854,-83.744365
"Huron, SD",13282,46559.0,137026,44.36308,-98.214388
"Atchison, KS",16924,39620.0,97284,39.545816000000000,-95.3326052
"Snyder, TX",11768,52899.0,105033,32.718080300000000,-100.9182313
"Fairfield, IA",10290,25248.0,129250,41.008736400000000,-91.9626486
"Spirit Lake, IA",5018,76890.0,244207,43.4221843,-95.10221690000000
"Spencer, IA",11052,65319.0,137692,43.141357800000000,-95.14443930000000
"Vineyard Haven, MA",2114,,906267,41.4542914,-70.6038026
"Winnemucca, NV",7887,,250694,40.9724275,-117.73481840000000
"Sweetwater, TX",10809,24835.0,80411,32.470951900000000,-100.40593840000000
"Andrews, TX",14786,,178538,32.2690953,-102.60424470000000
"Zapata, TX",14018,25479.0,96902,26.9879626,-99.1673556
"Vermillion, SD",10738,28622.0,191292,42.7795273,-96.929101
"Lamesa, TX",9427,34110.0,79334,32.7357287,-101.9550202
"Craig, CO",8928,33423.0,196094,40.515249100000000,-107.54645410000000
"Pecos, TX",15507,32252.0,127381,30.785743700000000,-102.80654150000000
"Vernon, TX",10573,14492.0,68522,34.1513105,-99.2860857
"Ketchikan, AK",8197,50320.0,322101,55.3430696,-131.6466819